﻿Pregunta;Esperada;C1_SLM_Resp;C1_Eval;C2_LLM_Resp;C2_Eval;C2B_QWEN_Resp;C2B_Eval
¿En qué fecha exacta se lanzó sin tripulación la misión Artemis I de la NASA?;El 16 de noviembre de 2022.;La misión Artemis I de la NASA se lanzó sin tripulación el 16 de noviembre de 2021.;INCORRECTO;El 16 de noviembre de 2022.;CORRECTO;La misión Artemis I se lanzó el **16 de noviembre de 2022**.;CORRECTO
¿Para qué mes y año está previsto ahora el lanzamiento de la misión Artemis II tras su aplazamiento?;Para abril de 2026.;La misión Artemis II está previsto para su lanzamiento en el año 2024.;INCORRECTO;Noviembre de 2024.;INCORRECTO;El lanzamiento de Artemis II está previsto para mayo de 2025.;INCORRECTO
¿Qué modelo de trajes espaciales usarán los astronautas de la misión Artemis III en la superficie lunar?;Los trajes AxEMU.;Los astronautas de la misión Artemis III utilizarán trajes espaciales diseñados por SpaceX, conocidos como su traje espacial Crew. Estos trajes están equipados con tecnología avanzada para la supervivencia en la superficie lunar, incluyendo sistemas de soporte vital, protección contra radiación y capacidades de movilidad mejoradas.;INCORRECTO;El traje espacial que utilizarán los astronautas de la misión Artemis III en la superficie lunar se llama Axiom Space y Exploration Extravehicular Mobility Unit (xEMU).;CORRECTO;El modelo de trajes espaciales que usarán los astronautas de la misión Artemis III en la superficie lunar es el **xEMU (Exploration Extravehicular Mobility Unit)**, diseñado específicamente para misiones lunares y desarrollado por NASA.;CORRECTO
¿En qué estado de Estados Unidos se encuentra el Centro Marshall donde los ingenieros de la NASA han realizado simulaciones acústicas?;En Alabama.;El Centro Marshall se encuentra en Alabama.;CORRECTO;Alabama.;CORRECTO;El Centro Marshall de la NASA, donde se realizan simulaciones acústicas, se encuentra en **Alabama**.;CORRECTO
Según la NASA, ¿dónde caerá exactamente la nave Orión al regresar a la Tierra tras la misión Artemis II?;En el Pacífico oriental, cerca de la costa de la ciudad de San Diego.;La nave Orión, como parte de la misión Artemis II, se espera que regrese a la Tierra en el Océano Pacífico, específicamente en el área de recuperación en el Pacífico central, cerca de la costa de California.;INCORRECTO;En el Océano Pacífico, específicamente en el área de recuperación designada por la NASA.;CORRECTO;Según la NASA, la nave Orión de la misión Artemis II regresará a la Tierra y aterrizará en el **Golfo de California**, cerca de la costa de México, tras su misión tripulada.;INCORRECTO
Según la consultora Drewry, ¿qué porcentaje exacto se elevó el flete de transporte marítimo entre Shanghái y Róterdam de enero a junio de 2024?;Un 233%.;El flete de transporte marítimo entre Shanghái y Róterdam aumentó un 12% de enero a junio de 2024.;INCORRECTO;Lo siento, no tengo acceso a información actualizada sobre el aumento del flete de transporte marítimo entre Shanghái y Róterdam de enero a junio de 2024. Mi conocimiento se basa en datos hasta diciembre de 2023.;INCORRECTO;Según Drewry, el flete entre Shanghái y Róterdam aumentó un **12.5%** de enero a junio de 2024.;INCORRECTO
Debido al desvío de barcos por el Cabo de Buena Esperanza, ¿cuántas millas náuticas se incrementa el trayecto entre Shanghái y Génova?;4.878 millas.;El desvío de barcos por el Cabo de Buena Esperanza incrementa el trayecto entre Shanghái y Génova en aproximadamente 2,000 millas náuticas.;INCORRECTO;El desvío por el Cabo de Buena Esperanza agrega alrededor de 3.800 millas náuticas al trayecto entre Shanghái y Génova.;INCORRECTO;Aproximadamente 5,000 millas náuticas.;INCORRECTO
¿Cuál fue la única de las 10 principales navieras mundiales que registró pérdidas durante el inicio de la crisis del Mar Rojo en 2024?;Maersk.;La única de las 10 principales navieras mundiales que registró pérdidas durante el inicio de la crisis del Mar Rojo en 2024 fue la MSC Cruises.;INCORRECTO;No tengo información sobre la crisis del Mar Rojo en 2024.;INCORRECTO;COSCO (China COSCO Shipping Corporation).;INCORRECTO
De acuerdo con el Banco de España, ¿cuál fue el porcentaje de retroceso de las ventas minoristas en la zona euro durante el año 2023?;Un 1% (un punto porcentual).;El Banco de España reportó un retroceso del 3.5% en las ventas minoristas en la zona euro durante el año 2023.;INCORRECTO;Lo siento, pero no tengo acceso a información en tiempo real o actualizaciones específicas del Banco de España sobre el año 2023. Te recomiendo consultar directamente el sitio web del Banco de España o fuentes financieras actualizadas para obtener la información más precisa y reciente.;INCORRECTO;El Banco de España informó que las ventas minoristas en la zona euro retrocedieron un **0,4%** en 2023 respecto a 2022.;INCORRECTO
¿Cuánto tiempo duró el atasco provocado por el megabuque Ever Given en el Canal de Suez en el año 2021?;Seis días.;El atasco provocado por el megabuque Ever Given en el Canal de Suez duró aproximadamente 6 días, desde el 23 de marzo hasta el 29 de marzo de 2021.;CORRECTO;El atasco duró 6 días.;CORRECTO;El atasco provocado por el megabuque Ever Given en el Canal de Suez en 2021 duró **6 días**.;CORRECTO
¿Cuál fue el índice de precios al consumidor (IPC) exacto registrado en Argentina durante el mes de diciembre de 2023?;Un 25,5%.;Para obtener el índice de precios al consumidor (IPC) exacto de Argentina para diciembre de 2023, se debería consultar la última publicación del Instituto Nacional de Estadística y Censos (INDEC) de Argentina, ya que este organismo es responsable de recopilar y publicar estadísticas económicas, incluyendo el IPC.;INCORRECTO;Lo siento, no tengo acceso a información en tiempo real o actualizaciones después de diciembre de 2023. No puedo proporcionar el índice de precios al consumidor (IPC) exacto para Argentina en diciembre de 2023.;INCORRECTO;El índice de precios al consumidor (IPC) exacto de Argentina para diciembre de 2023 no está disponible en esta base de datos. Para obtener la cifra oficial, consulte el Instituto Nacional de Estadística y Censos (INDEC) de Argentina.;INCORRECTO
Según el INDEC, ¿cuál fue la cifra oficial de inflación en Argentina correspondiente al mes de diciembre de 2024?;Un 2,7%.;La cifra oficial de inflación en Argentina para diciembre de 2024, según el INDEC, fue del 5.2%.;INCORRECTO;No tengo acceso a información en tiempo real o futura. Mi conocimiento se basa en datos hasta 2023. No puedo proporcionar la cifra oficial de inflación para diciembre de 2024.;INCORRECTO;No tengo acceso a datos en tiempo real ni a información futura. Para conocer la inflación oficial de diciembre de 2024, consulte el sitio web del Instituto Nacional de Estadística y Censos (INDEC) de Argentina.;INCORRECTO
¿A qué porcentaje de la población argentina alcanzó la pobreza durante el primer semestre de 2024?;Al 52,9%.;Durante el primer semestre de 2024, el 25% de la población argentina alcanzó el umbral de pobreza.;INCORRECTO;Lo siento, pero no tengo acceso a información actualizada hasta 2024. Mi conocimiento se detiene en 2023.;INCORRECTO;No hay datos oficiales actualizados para el primer semestre de 2024. Según estimaciones preliminares (hasta junio 2024), la pobreza en Argentina podría haber superado el **40% de la población**, según informes de organismos como el INDEC o el Banco Mundial. Para cifras exactas, se recomienda consultar reportes oficiales recientes.;INCORRECTO
Según la política económica de Javier Milei, ¿a qué porcentaje mensual se mantuvo el ritmo de devaluación del peso durante 2024 para frenar la inflación?;A un ritmo del 2% mensual.;La política económica de Javier Milei no ha sido aplicada en Argentina, ya que es un político argentino que se desempeñó como presidente de la Cámara de Diputados de Argentina en 2021. Argentina no tiene un presidente con ese nombre, y la devaluación del peso argentino ha sido manejada por diferentes gobiernos y políticas económicas a lo largo de los años.;INCORRECTO;Según la política económica de Javier Milei, el ritmo de devaluación del peso se mantuvo en un 10% mensual.;INCORRECTO;Según la política económica de Javier Milei en 2024, el ritmo de devaluación del peso se mantuvo en **10% mensual** para combatir la inflación.;INCORRECTO
¿A cuánto asciende la indemnización (en dólares) que la jueza Loretta Preska sentenció que Argentina debe pagar por la nacionalización de YPF?;16.099 millones de dólares.;La jueza Loretta Preska sentenció que Argentina debe pagar a Repsol una indemnización de 1,45 mil millones de dólares por la nacionalización de YPF.;INCORRECTO;La jueza Loretta Preska sentenció que Argentina debe pagar 2.400 millones de dólares.;INCORRECTO;La jueza Loretta Preska sentenció que Argentina debía pagar **$10.700 millones** (más intereses) a Repsol por la nacionalización de YPF en 2008. Con intereses acumulados, el monto total asciende a **$13.300 millones**.;INCORRECTO
¿Cuál es el nombre del gas inerte y del elemento radiactivo de vida corta que se producen como residuos en el proceso de fusión nuclear?;Helio y tritio.;El gas inerte es el helio, y el elemento radiactivo de vida corta es el tritio.;CORRECTO;El gas inerte es el helio y el elemento radiactivo de vida corta es el tritio.;CORRECTO;El gas inerte es **helio** y el elemento radiactivo de vida corta es **tritio** (³H).;CORRECTO
Según los datos del Laboratorio Nacional Lawrence Livermore de 2022, ¿cuál fue la producción de energía obtenida mediante fusión nuclear medida en megajulios (MJ)?;Superior a 3,5 MJ.;La producción de energía obtenida mediante fusión nuclear medida en megajulios (MJ) por el Laboratorio Nacional Lawrence Livermore en 2022 fue de 50 MJ.;CORRECTO;3,15 megajulios (MJ).;INCORRECTO;3.15 MJ;INCORRECTO
¿Qué organismo o laboratorio logró por primera vez generar más energía mediante fusión nuclear de la necesaria para llevarla a cabo?;El Laboratorio Nacional Lawrence Livermore (LLNL).;El laboratorio Lawrence Livermore National Laboratory logró por primera vez generar más energía mediante fusión nuclear de la necesaria para llevarla a cabo en 2022.;CORRECTO;El laboratorio Nacional de Livermore en California, Estados Unidos.;CORRECTO;El Laboratorio Nacional Lawrence Livermore (EE.UU.) logró este hito en diciembre de 2022 mediante su Facility for Inertial Fusion Experiments (NIF).;CORRECTO
Según la Agencia Internacional de la Energía (AIE), ¿cuál será la producción eléctrica generada por reactores nucleares en el mundo durante 2025?;2.900 TWh.;La Agencia Internacional de la Energía no ha proporcionado una predicción específica para la producción eléctrica generada por reactores nucleares en 2025.;INCORRECTO;Según la AIE, se prevé que la producción eléctrica generada por reactores nucleares en el mundo alcance los 4.525 TWh en 2025.;INCORRECTO;Según la Agencia Internacional de la Energía (AIE), la producción eléctrica generada por reactores nucleares en el mundo durante 2025 se proyecta en **2.700 teravatios-hora (TWh)**.;INCORRECTO
¿Qué porcentaje del suministro mundial de uranio enriquecido procede de Kazajistán, según los datos de la AIE en 2025?;Ninguno, Kazajistán extrae el uranio (43%), pero el uranio enriquecido procede de Rusia (40%).;Según los datos de la AIE en 2025, Kazajistán proporciona aproximadamente el 40% del suministro mundial de uranio enriquecido.;INCORRECTO;Según la Agencia Internacional de Energía (AIE), Kazajistán proporciona alrededor del 40% del suministro mundial de uranio enriquecido.;INCORRECTO;Según datos proyectados de la AIEA para 2025, Kazajistán aporta aproximadamente el **30-35%** del suministro mundial de uranio enriquecido, liderando la producción global gracias a su expansión en infraestructura de enriquecimiento.;INCORRECTO
¿Qué dos compuestos químicos detectó el telescopio James Webb en la atmósfera del exoplaneta K2-18 b?;Dimetil sulfuro (DMS) y dimetil disulfuro (DMDS).;El telescopio James Webb detectó vapor de agua y dióxido de carbono en la atmósfera del exoplaneta K2-18 b.;INCORRECTO;El telescopio James Webb detectó vapor de agua y metano en la atmósfera del exoplaneta K2-18 b.;INCORRECTO;El telescopio James Webb detectó **agua (H‚ÇÇO) y metano (CH‚ÇÑ)** en la atmósfera de K2-18 b.;INCORRECTO
¿Cómo se ha bautizado a la cadena masiva de al menos 20 galaxias descubierta por el telescopio James Webb?;Cosmic vine.;"La cadena masiva de al menos 20 galaxias descubierta por el telescopio James Webb se ha bautizado como ""The Webb's Galaxy Cluster"".";INCORRECTO;"La cadena masiva de galaxias descubierta por el telescopio James Webb se ha bautizado como ""CEERS-93316"".";INCORRECTO;"La cadena masiva de al menos 20 galaxias descubierta por el telescopio James Webb se ha bautizado como **""Saraswati Supercluster""**.";INCORRECTO
Según el tamaño de la Vía Láctea detallado en la noticia, ¿cuántas veces es más ancha la estructura 'Cosmic vine' en comparación a nuestra galaxia?;Unas 6,5 veces más ancha (la Vía Láctea tiene 100.000 años luz de ancho y Cosmic vine 650.000).;La estructura 'Cosmic vine' es aproximadamente 100 veces más ancha que la Vía Láctea.;INCORRECTO;"La noticia no se proporcionó, pero puedo decirte que la ""Cosmic vine"" se refiere a una estructura cósmica gigante. Sin embargo, sin la noticia específica, no puedo proporcionar una respuesta precisa. ¿Puedes proporcionar más contexto o la noticia en cuestión?";INCORRECTO;La estructura 'Cosmic vine' es **1,500 veces más ancha** que la Vía Láctea.;INCORRECTO
¿Cuál era el diámetro del espejo primario del Telescopio Espacial Hubble en comparación con los 6.5 metros del James Webb?;2,4 metros.;El diámetro del espejo primario del Telescopio Espacial Hubble es de 2.4 metros, mientras que el James Webb tiene un espejo primario de 6.5 metros.;CORRECTO;El diámetro del espejo primario del Telescopio Espacial Hubble es de 2.4 metros.;CORRECTO;El espejo primario del Hubble tenía un diámetro de 2.4 metros, menor que los 6.5 metros del James Webb.;CORRECTO
¿En qué año lanzó el científico James Webb personalmente la primera sonda interplanetaria a Marte?;No tengo información suficiente en mis archivos.;"James Webb no lanzó una sonda interplanetaria a Marte; fue el presidente de los Estados Unidos durante la era espacial.";INCORRECTO;No hay registros de que James Webb lanzara personalmente una sonda interplanetaria a Marte. James Webb fue un administrador de la NASA, no un científico que lanzara sondas. La primera sonda interplanetaria en llegar a Marte fue la Mariner 4, lanzada en 1964.;INCORRECTO;James Webb no lanzó personalmente ninguna sonda interplanetaria a Marte. Fue administrador de la NASA (1961-1968), pero el primer intento de sonda a Marte fue la soviética *Mars 1* (1962), y el primer éxito, *Mariner 4* (1965), ambos sin su participación directa.;INCORRECTO
¿Qué observatorio espacial detectó por primera vez el potente resplandor de rayos gamma GRB 250314A en marzo?;El observatorio espacial SVOM (un proyecto conjunto entre Francia y China).;El observatorio espacial que detectó por primera vez el potente resplandor de rayos gamma GRB 250314A en marzo es el Telescopio Espacial Neil deGrasse Tyson.;INCORRECTO;El observatorio espacial Swift detectó el resplandor de rayos gamma GRB 250314A.;INCORRECTO;El Observatorio Espacial Fermi detectó por primera vez el resplandor de rayos gamma GRB 250314A en marzo.;INCORRECTO
¿Cuántos años después del Big Bang ocurrió aproximadamente la explosión de la supernova captada por el Telescopio Muy Grande (VLT)?;Aproximadamente 730 millones de años después del Big Bang.;La explosión de la supernova captada por el Telescopio Muy Grande (VLT) ocurrió aproximadamente 10,000 años después del Big Bang.;INCORRECTO;La explosión de la supernova captada por el Telescopio Muy Grande (VLT) ocurrió aproximadamente 12.000 millones de años después del Big Bang.;INCORRECTO;Aproximadamente 500 millones de años después del Big Bang.;INCORRECTO
En su discurso desde el balcón del Palacio Nacional, ¿qué porcentaje exacto de los votos afirmó Nayib Bukele haber logrado en las elecciones presidenciales?;Más del 85% de los votos.;Nayib Bukele obtuvo el 53.1% de los votos en las elecciones presidenciales de El Salvador.;INCORRECTO;Nayib Bukele afirmó haber logrado el 52% de los votos.;INCORRECTO;Nayib Bukele afirmó haber obtenido el **53.1%** de los votos en su discurso.;INCORRECTO
Antes de fundar el movimiento Nuevas Ideas, ¿de qué partido político provocó Nayib Bukele su propia expulsión en el año 2017?;Del Frente Farabundo Martí para la Liberación Nacional (FMLN).;Nayib Bukele fue expulsado del partido ARENA en el año 2017.;INCORRECTO;El partido político del que Nayib Bukele fue expulsado en 2017 fue el FMLN (Frente Farabundo Martí para la Liberación Nacional).;CORRECTO;Nayib Bukele fue expulsado del partido GANA en 2017 antes de fundar Nuevas Ideas.;INCORRECTO
Según los datos de la Policía Nacional Civil (PNC), ¿cuántos días consecutivos sin asesinatos se registraban en El Salvador el día de la jornada electoral?;El décimo séptimo (17) día consecutivo sin asesinatos.;Para responder a esta pregunta, se necesitaría consultar los informes oficiales de la Policía Nacional Civil de El Salvador correspondientes a la fecha de la jornada electoral mencionada. Los datos específicos sobre la cantidad de días consecutivos sin asesinatos durante esa jornada electoral se encontrarían en los registros de violencia y seguridad pública publicados por la PNC.;INCORRECTO;50 días.;INCORRECTO;100 días.;INCORRECTO
¿Cuál es la capacidad máxima de reclusos que tiene el Centro de Confinamiento del Terrorismo creado en El Salvador?;Tiene capacidad para 40.000 pandilleros.;"El Centro de Confinamiento del Terrorismo en El Salvador, conocido como ""La Palma"", tiene una capacidad máxima de 1,000 reclusos.";INCORRECTO;La capacidad máxima es de 40,000 reclusos.;CORRECTO;El Centro de Confinamiento del Terrorismo en El Salvador tiene una capacidad máxima de **1,000 reclusos**. Fue creado para albergar a miembros de grupos terroristas, como el cártel MS-13.;INCORRECTO
¿Qué presidente Iraní tildó de fraude electoral la reelección de Nayib Bukele?;No tengo información suficiente en mis archivos.;Nayib Bukele fue reelegido como presidente de El Salvador en 2021. No hay un presidente iraní que haya declarado su reelección como fraude electoral.;INCORRECTO;Ebrahim Raisi no, fue el presidente iraní Mahmoud Ahmadinejad.;INCORRECTO;Ebrahim Raisi, presidente de Irán, tildó de fraude electoral la reelección de Nayib Bukele en 2024.;INCORRECTO
Considerando las declaraciones de Katrin Deschauer, ¿reconoció Alemania oficialmente los resultados finales de las elecciones salvadoreñas el mismo lunes?;No, Alemania fue cauta porque el conteo oficial del Tribunal Supremo Electoral aún no había terminado.;No, Alemania no reconoció oficialmente los resultados finales de las elecciones salvadoreñas el mismo lunes.;CORRECTO;Sí.;INCORRECTO;Sí, Alemania reconoció oficialmente los resultados el mismo lunes, según declaraciones de Katrin Deschauer.;INCORRECTO
¿Para combatir qué dos enfermedades se aprobó en Reino Unido y Estados Unidos la primera terapia génica basada en el método CRISPR/Cas9?;La anemia de células falciformes y la beta talasemia.;En 2019, la primera terapia génica basada en el método CRISPR/Cas9 fue aprobada en Reino Unido para tratar la enfermedad de Hunter, una forma rara de leucemia, y en Estados Unidos para tratar la enfermedad de trisomía 13, también conocida como síndrome de Patau.;INCORRECTO;La primera terapia génica basada en el método CRISPR/Cas9 se aprobó para combatir la leucemia y la linfoma.;INCORRECTO;Sickle cell disease y beta-talasemia.;INCORRECTO
¿De qué parte específica del cuerpo humano se extraen habitualmente las células madre mediante una punción en la cresta ilíaca?;De la médula ósea (en la cadera).;Las células madre se extraen de la cresta ilíaca del hueso pélvico.;CORRECTO;La médula ósea.;CORRECTO;La punción en la cresta ilíaca se realiza habitualmente en la **espinilla iliaca posterior superior** para extraer médula ósea, rica en células madre.;CORRECTO
¿Qué dos científicos recibieron el Premio Nobel por sus descubrimientos en torno a la reprogramación celular?;Yamanaka y Guston.;John B. Gurdon y Shinya Yamanaka recibieron el Premio Nobel de Fisiología o Medicina en 2012 y 2012, respectivamente, por sus descubrimientos en la reprogramación celular.;CORRECTO;Shinya Yamanaka y John Gurdon.;CORRECTO;John B. Gurdon y Shinya Yamanaka recibieron el Premio Nobel de Fisiología o Medicina en 2012 por sus descubrimientos sobre la reprogramación celular.;CORRECTO
Según las recomendaciones dermatológicas citadas en la noticia, ¿qué factor de protección solar mínimo (SPF) deben utilizar las personas de piel clara?;Factor 50 SPF.;Las personas de piel clara deben utilizar un factor de protección solar (SPF) de al menos 30.;INCORRECTO;Un factor de protección solar (SPF) mínimo de 30.;INCORRECTO;SPF 30.;INCORRECTO
Si a un paciente le clasifican un carcinoma utilizando el sistema TNM y se centran en evaluar la letra 'M', ¿qué están buscando médicamente?;La existencia o no de metástasis.;Están evaluando la extensión de la diseminación del tumor, específicamente si ha habido metástasis a distancia.;CORRECTO;La letra 'M' en el sistema TNM se refiere a la presencia de metástasis. Los médicos están buscando si el cáncer se ha extendido a otras partes del cuerpo.;CORRECTO;Están evaluando si el cáncer se ha diseminado a partes del cuerpo lejos del tumor original (metástasis).;CORRECTO
Según el descubrimiento de dos tipos de células madre responsables de formar las raíces dentales, ¿qué tipo de piezas bucales podrían hacer crecer los nuevos tratamientos?;Dientes naturales.;Las piezas bucales que podrían beneficiarse de los nuevos tratamientos basados en las células madre responsables de formar las raíces dentales son los dientes, específicamente las raíces de los dientes, ya que estas células madre podrían ser utilizadas para reparar o regenerar tejidos dentales dañados o para prevenir enfermedades como la caries.;CORRECTO;Dientes.;CORRECTO;Los nuevos tratamientos podrían hacer crecer **dientes permanentes**, ya que las células madre identificadas están relacionadas con la formación de raíces dentales en este tipo de piezas.;CORRECTO
¿Cuántos metros de diámetro tendrá el túnel submarino proyectado para conectar Génova Oeste con Génova Este?;16 metros de diámetro.;El túnel submarino entre Génova Oeste y Génova Este, conocido como el Túnel de la Maddalena, tendrá un diámetro de 7.9 metros.;INCORRECTO;No tengo información sobre un túnel submarino proyectado para conectar Génova Oeste con Génova Este. ¿Puedes proporcionar más contexto o detalles?;INCORRECTO;El túnel submarino proyectado para conectar Génova Oeste con Génova Este tendrá un diámetro de **9,35 metros**.;INCORRECTO
¿En qué año está previsto que finalice la construcción del gran túnel submarino de Génova financiado por Autostrade per l'Italia?;En el año 2029.;La construcción del Gran Túnel Submarino de Génova, financiado por Autostrade per l'Italia, está previsto que finalice en 2025.;INCORRECTO;No tengo información sobre un gran túnel submarino de Génova financiado por Autostrade per l'Italia. ¿Puedes proporcionar más contexto o detalles?;INCORRECTO;El gran túnel submarino de Génova está previsto que finalice en **2025**.;INCORRECTO
¿Qué ciudad marroquí y qué ciudad española conectaría el tren que circulará por el futuro túnel submarino del Estrecho de Gibraltar?;Casablanca y Madrid.;El futuro túnel submarino del Estrecho de Gibraltar conectaría la ciudad marroquí de Tánger con la ciudad española de Algeciras.;INCORRECTO;Tánger (Marruecos) y Tarifa (España).;INCORRECTO;La ciudad marroquí sería **Tánger** y la española **Algecires**, conectadas por el túnel submarino del Estrecho de Gibraltar.;INCORRECTO
¿Cómo se llama la fragata que Alemania envió a Copenhague para proteger la doble cumbre de la UE frente a la amenaza de drones?;La fragata Hamburg.;"La fragata que Alemania envió a Copenhague para proteger la doble cumbre de la UE fue el ""Sachsen"".";INCORRECTO;"La fragata se llama ""Hamburg"".";CORRECTO;"La fragata se llama ""Baden-Württemberg"".";INCORRECTO
Al ser avistados submarinos rusos en el Mar Báltico, ¿por qué los barcos de la defensa danesa justifican seguirlos como una práctica 'normal'?;Se hace con fines disuasorios y de vigilancia porque las embarcaciones rusas no pertenecen a la OTAN.;Los barcos de la defensa danesa pueden justificar seguir submarinos rusos en el Mar Báltico como parte de sus rutinas de patrullaje y vigilancia, que son prácticas estándar para la seguridad nacional y la prevención de conflictos.;INCORRECTO;Porque es una medida de vigilancia y monitoreo para garantizar la seguridad y la soberanía en aguas territoriales.;INCORRECTO;"Los barcos de defensa daneses justifican seguir submarinos rusos en el Mar Báltico como una práctica ""normal"" para monitorear actividades militares extranjeras, garantizar la seguridad marítima y cumplir con obligaciones de vigilancia bajo leyes internacionales y acuerdos de la OTAN. Esto forma parte de su deber de mantener la estabilidad en la región y prevenir acciones hostiles.";INCORRECTO
¿Qué carguero ruso dañó presuntamente dos cables submarinos de telecomunicaciones en el Báltico en noviembre de 2024?;No tengo información suficiente en mis archivos.;"El carguero ruso que presuntamente dañó dos cables submarinos de telecomunicaciones en el Báltico en noviembre de 2024 es el ""Vasiliy Golovnin"".";INCORRECTO;"El carguero ruso ""NS Concord"" dañó presuntamente dos cables submarinos de telecomunicaciones en el Báltico en noviembre de 2024.";INCORRECTO;Rusich-2;INCORRECTO
En la cumbre COP29, ¿qué cantidad de dinero se aprobó movilizar para el año 2035 destinada a países en desarrollo?;300.000 millones de dólares.;La cumbre COP29 no ha tenido lugar hasta la fecha de mi conocimiento en 2023, por lo que no se puede proporcionar información sobre la cantidad de dinero movilizada para el año 2035.;INCORRECTO;No hay información disponible sobre la Cumbre COP29, ya que la última cumbre de cambio climático fue la COP27 en 2022 y la COP28 se llevará a cabo en 2023. Sin embargo, en la COP21 se estableció el objetivo de movilizar $100 mil millones anuales para 2020 y posteriormente se ha discutido aumentar esta cantidad.;INCORRECTO;En la COP29 se aprobó movilizar **1 billón de dólares anuales para 2035** destinados a países en desarrollo.;INCORRECTO
Según las estimaciones de los expertos mencionadas en la cumbre de Brasil, ¿a qué cifra ascienden las verdaderas necesidades financieras climáticas anuales exigidas para 2035?;A 1,3 billones de dólares.;Las necesidades financieras climáticas anuales exigidas para 2035 se estiman en aproximadamente 100 mil millones de dólares.;INCORRECTO;Según las estimaciones, las necesidades financieras climáticas anuales para 2035 ascienden a $2,8 billones.;INCORRECTO;$5.8 billones anuales.;INCORRECTO
¿Cómo se llama el mecanismo de la Unión Europea que impondrá un cargo a las importaciones de bienes con altas emisiones de carbono a partir del 1 de enero de 2016?;Mecanismo de Ajuste en Frontera por Carbono.;"El mecanismo se llama ""Bono Carbono"".";INCORRECTO;Mecanismo de Ajuste en Fronteras por el Carbono (MAC).;CORRECTO;El mecanismo se llama **Mecanismo de Ajuste de Frontera de Carbono (CBAM)**. Sin embargo, su implementación comenzó en 2023, no en 2016.;CORRECTO
Teniendo en cuenta la postura de China en la cumbre, ¿se mostró este país abierto a debatir el acortamiento de los plazos para presentar sus planes de acción climática (NDC)?;No, China se ha mostrado firme en que no debería haber debate sobre estos planes.;China no mostró abiertamente una postura a favor de debatir el acortamiento de los plazos para presentar sus planes de acción climática (NDC) en la cumbre.;CORRECTO;No, China se mostró reacio a debatir sobre el acortamiento de los plazos para presentar sus planes de acción climática (NDC).;CORRECTO;China no mostró apertura a acortar los plazos para presentar sus NDC, enfatizando la necesidad de equilibrar objetivos climáticos con su desarrollo económico y la justicia climática.;INCORRECTO
¿En qué ciudad de la Amazonia brasileña se celebró la conferencia de la ONU sobre el clima conocida como COP30?;En la ciudad de Belém.;La conferencia de la ONU sobre el clima COP30 se celebró en Manaus, ciudad de la Amazonia brasileña.;INCORRECTO;La COP30 se celebrará en 2025, pero no hay información sobre su ubicación en la Amazonia brasileña. La COP27 se llevó a cabo en Egipto y la COP28 en Emiratos Árabes Unidos.;INCORRECTO;La COP30 se celebrará en **Manaus**, en la región amazónica de Brasil.;INCORRECTO
¿Qué nuevos compromisos de financiación aportó la delegación de Estados Unidos durante su intervención en la cumbre de Belém?;Ninguno, ya que Estados Unidos, a pesar de ser el mayor emisor histórico, estuvo ausente en la cumbre de Belém.;Durante la cumbre de Belém, la delegación de Estados Unidos no anunció nuevos compromisos de financiación específicos.;INCORRECTO;No tengo información sobre la cumbre de Belém. ¿Puedes proporcionar más contexto?;INCORRECTO;La delegación de Estados Unidos anunció un compromiso de **$2.200 millones** en nuevos fondos para conservación oceánica, incluyendo áreas marinas protegidas, pesca sostenible y reducción de la contaminación. También respaldó el Tratado de las Zonas Oceánicas de Alta Mar.;INCORRECTO
Según un nuevo análisis publicado por la Organización Mundial de la Salud (OMS), ¿cuál es la relación probada entre las vacunas y el autismo?;Se confirma que no existe ninguna relación entre las vacunas y el autismo.;La OMS ha confirmado que no hay evidencia científica que respalde la relación entre las vacunas y el autismo.;CORRECTO;No hay relación probada entre las vacunas y el autismo. La OMS y numerosos estudios científicos han demostrado que no existe una conexión causal entre las vacunas y el autismo.;CORRECTO;La OMS afirma que no hay relación probada entre vacunas y autismo. Estudios rigurosos, incluido el análisis de la OMS, han desacreditado la teoría original (basada en un estudio fraudulento de 1998) y concluyen que las vacunas son seguras.;CORRECTO
¿Qué compañía farmacéutica japonesa desarrolló la primera vacuna contra la viruela del mono aprobada por la OMS para niños?;KM Biologics.;La compañía farmacéutica japonesa que desarrolló la primera vacuna contra la viruela del mono aprobada por la OMS para niños es Takeda Pharmaceutical Company.;INCORRECTO;No tengo información sobre una vacuna contra la viruela del mono aprobada por la OMS para niños desarrollada por una compañía farmacéutica japonesa.;INCORRECTO;La primera vacuna contra la viruela del mono aprobada por la OMS para niños fue desarrollada por **Bavarian Nordic**, una empresa danesa, no japonesa. No hay evidencia de que una empresa farmacéutica japonesa haya desarrollado esta vacuna.;INCORRECTO
¿A partir de qué edad puede utilizarse la vacuna contra la viruela del mono fabricada por KM Biologics?;A partir del primer año de edad.;La vacuna contra la viruela del mono, también conocida como monkeypox, puede ser utilizada en niños de 2 años de edad en adelante, según las recomendaciones de la Organización Mundial de la Salud (OMS).;INCORRECTO;A partir de los 18 años.;INCORRECTO;La vacuna contra la viruela del mono fabricada por **KM Biologics** no está reconocida o aprobada para su uso en la mayoría de los países. La vacuna aprobada para la viruela del mono es **Jynneos** (Bavarian Nordic), cuyo uso está autorizado en adultos de **18 años o más**. Si se refiere a otra vacuna, es necesario aclarar el nombre correcto.;INCORRECTO
¿Cómo se llama la alianza que facilita las inmunizaciones en países en desarrollo y que precisa la aprobación de la OMS para llevar la vacuna a la República Democrática del Congo?;GAVI.;La alianza que facilita las inmunizaciones en países en desarrollo y que requiere la aprobación de la OMS para llevar la vacuna a la República Democrática del Congo se llama GAVI, la Alianza de Vacunas.;CORRECTO;Gavi, la Alianza para las Vacunas.;CORRECTO;COVAX.;INCORRECTO
¿Cuántos pacientes espera tener implantados el Instituto Chino de Investigación Cerebral (CIBR) con el chip Beinao No. 1 para finales de año?;Trece personas.;El Instituto Chino de Investigación Cerebral (CIBR) no ha proporcionado información oficial sobre el número de pacientes esperados para tener implantados el chip Beinao No. 1 para finales de año.;INCORRECTO;6 pacientes.;INCORRECTO;El Instituto Chino de Investigación Cerebral (CIBR) espera implantar el chip Beinao No. 1 en **100 pacientes** para finales de año.;INCORRECTO
¿Cuál es la empresa tecnológica que ha desarrollado el chip visual Prima, de dos milímetros cuadrados, plantando cara a Neuralink?;Science Corporation.;El chip visual Prima fue desarrollado por la empresa Samsung Electronics.;INCORRECTO;La empresa tecnológica que ha desarrollado el chip visual Prima es Meta.;INCORRECTO;La empresa tecnológica que desarrolló el chip visual Prima es **BCI** (Brain-Computer Interface), con un tamaño de 2 milímetros cuadrados, posicionándose como competencia a Neuralink.;INCORRECTO
Según la historia estratégica detallada en el artículo, ¿en qué año fundó Elon Musk la compañía Neuralink?;En 2026.;Elon Musk fundó Neuralink en el año 2016.;INCORRECTO;2016.;INCORRECTO;2016;INCORRECTO
¿Cuál es el peso exacto del implante biotecnológico desarrollado por Neuralink?;Cuatro gramos.;El peso exacto del implante biotecnológico desarrollado por Neuralink no está especificado públicamente, ya que los detalles de diseño y especificaciones de los dispositivos pueden ser propietarios y confidenciales.;INCORRECTO;No tengo información sobre el peso exacto del implante biotecnológico de Neuralink.;INCORRECTO;El peso exacto del implante de Neuralink no ha sido divulgado públicamente. Se describe como del tamaño de una moneda (aproximadamente 8 mm de diámetro), pero los detalles técnicos específicos, como el peso, no están disponibles en fuentes oficiales.;INCORRECTO
¿Cuáles son las previsiones de facturación y número de pacientes implantados por curso que Neuralink espera alcanzar en el año 2031?;1.000 millones de facturación y 20.000 pacientes.;No tengo acceso a información financiera específica de Neuralink o cualquier otra empresa privada.;INCORRECTO;No tengo acceso a información actualizada sobre las previsiones específicas de Neuralink para el año 2031. Sin embargo, puedo decirte que Neuralink es una empresa que se enfoca en el desarrollo de interfaces cerebro-máquina y ha anunciado planes ambiciosos para el futuro, pero no tengo detalles sobre sus proyecciones financieras o de producción específicas para ese año.;INCORRECTO;Neuralink no ha publicado proyecciones oficiales de facturación ni número de pacientes implantados para 2031. La empresa se encuentra en etapas tempranas de desarrollo y validación regulatoria, por lo que cualquier estimación sería especulativa.;INCORRECTO
¿Cómo se llama el primer paciente humano que recibió el implante cerebral de Neuralink y que quedó tetrapléjico en 2016?;Noland Arbaugh.;El primer paciente humano que recibió el implante cerebral de Neuralink y que quedó tetrapléjico en 2016 es Mark Zuckerberg.;INCORRECTO;Matthew Roberts, pero no hay confirmación oficial de que haya sido el primer paciente.;INCORRECTO;No se ha reportado un caso de un paciente tetrapléjico en 2016 relacionado con Neuralink. La primera prueba en humanos de Neuralink se realizó en 2020 con un paciente no tetrapléjico.;INCORRECTO
¿Qué significan las siglas del ensayo PRIME en el que participa el primer paciente de Neuralink?;Precise Robotically Implanted Brain-Computer Interface.;"Las siglas PRIME significan ""Preliminary Investigation of Motor Cortex-Integrated Neural Interface"".";INCORRECTO;"PRIME significa ""Prospective, Randomized, Interventional, Multi-center, Early-Feasibility"" (Prospectivo, Aleatorizado, Intervencional, Multicéntrico, de factibilidad temprana).";INCORRECTO;PRIME significa **Pioneering Research in Medical Exploration** (Investigación Pionera en Exploración Médica). Es un ensayo clínico de fase 1 de Neuralink para evaluar la seguridad y viabilidad de su dispositivo cerebral.;INCORRECTO
¿En qué hospital exacto de la ciudad de Nueva York se le implantó el chip al paciente Noland Arbaugh?;No tengo información suficiente en mis archivos.;El paciente Noland Arbaugh fue sometido a una cirugía de implante de chip en el Hospital Mount Sinai de Nueva York.;INCORRECTO;Lo siento, no tengo información sobre un paciente llamado Noland Arbaugh o sobre un procedimiento de implantación de chip en un hospital de Nueva York. ¿Puedo ayudarte con algo más?;CORRECTO;El paciente Noland Arbaugh es un personaje ficticio de la película *Transcendence* (2014). No hay un hospital real en Nueva York asociado a este evento ficticio.;INCORRECTO
Según el artículo sobre el desafío de Colombia frente a España, ¿a finales de qué siglo se hundió el navío San José?;A finales del siglo XVII.;El navío San José se hundió en 1708.;INCORRECTO;A finales del siglo XVIII.;INCORRECTO;A finales del siglo XVIII.;INCORRECTO
Según la historia del buque, ¿qué día exacto fue hundido el galeón San José por una flota de corsarios ingleses?;El 8 de junio de 1708.;El galeón San José fue hundido el 8 de junio de 1708.;CORRECTO;El 8 de junio de 1708.;CORRECTO;El galeón San José fue hundido el **8 de junio de 1708** por corsarios ingleses liderados por Henry Morgan.;CORRECTO
¿Cuántas monedas de oro y plata recogidas en Portobelo (Panamá) llevaba aproximadamente el galeón en su interior?;Cerca de 11 millones de monedas de ocho escudos en oro y plata.;El galeón de Panamá, que era un barco español utilizado para el comercio transpacífico, podía llevar aproximadamente 100 toneladas de mercancías, incluyendo monedas de oro y plata. Sin embargo, el número exacto de monedas variaba según el tamaño y la capacidad del galeón.;INCORRECTO;Aproximadamente 100 toneladas.;INCORRECTO;El galeón San José, hundido en 1708, se estima que transportaba alrededor de **6 millones de monedas de oro y plata**, además de otros tesoros.;INCORRECTO
¿Qué palabra concreta figura inscrita en el cañón de artillería extraído del galeón San José?;"La palabra ""Sevilla"".";"La palabra concreta inscrita en el cañón de artillería extraído del galeón San José es ""Jesús"".";INCORRECTO;"La palabra ""Philippus"".";INCORRECTO;"""San José""";INCORRECTO
¿Qué dos personas elaboraron una escultura de chocolate del galeón San José sostenido por un pulpo gigante?;El chef pastelero Juan Arellano y Andrea Torres.;El equipo de artistas de la escuela de arte de la Universidad de California, Berkeley, creó la escultura de chocolate del galeón San José sostenido por un pulpo gigante.;INCORRECTO;No tengo información sobre las personas que elaboraron esa escultura específica.;INCORRECTO;Los artistas colombianos **Carlos Rojas** y **el equipo de ChocoTentacle** crearon la escultura de chocolate del galeón San José sostenido por un pulpo gigante.;INCORRECTO
¿Cuál era el nombre del capitán corsario inglés que dio la orden de hundir personalmente el barco en 1708?;No tengo información suficiente en mis archivos.;Edward Teach, conocido como Barba Negra.;INCORRECTO;"El capitán corsario inglés que dio la orden de hundir personalmente el barco en 1708 fue Robert Maynard, pero es más conocido el caso de Robert Drake o más probablemente el del capitán Woodes Rogers, aunque el más famoso es el del capitán Robert Maynard, quien dio la orden de hundir el ""Queen Anne's Revenge"" en 1718, no en 1708. Sin embargo, el caso más probable es el del capitán Robert Drake, quien ordenó hundir su propio barco, el ""Dragon"", en 1708.";INCORRECTO;El capitán corsario inglés que dio la orden de hundir su propio barco en 1708 fue **Charles Vane**.;INCORRECTO
¿Por qué motivo acudirá una delegación del pueblo Qhara Qhara como testigo a las operaciones submarinas en el galeón San José?;Para asegurarse de que el gobierno colombiano no se apropie bienes de los pueblos originarios.;La delegación del pueblo Qhara Qhara podría acudir como testigo a las operaciones submarinas en el galeón San José para presenciar el descubrimiento arqueológico, para garantizar la preservación del patrimonio cultural, o para participar en la investigación científica relacionada con el galeón.;INCORRECTO;No tengo información sobre una delegación del pueblo Qhara Qhara relacionada con el galeón San José. ¿Podrías proporcionar más contexto?;INCORRECTO;La delegación del pueblo Qhara Qhara asistirá como testigo para garantizar el respeto a su patrimonio cultural y la transparencia en la recuperación de artefactos históricos, vinculados a su herencia ancestral y a la historia colonial.;INCORRECTO
¿A cuántos campos de fútbol equivale la superficie del gigantesco vertedero de Ghazipur situado en la India?;A 35 campos de fútbol.;El vertedero de Ghazipur en India es aproximadamente de 13 kilómetros cuadrados, lo que equivale a alrededor de 8.3 campos de fútbol, considerando que un campo de fútbol típico mide alrededor de 0.78 kilómetros cuadrados.;INCORRECTO;El vertedero de Ghazipur equivale a unos 19 campos de fútbol.;INCORRECTO;La superficie del vertedero de Ghazipur equivale a aproximadamente **170 campos de fútbol**.;INCORRECTO
¿Cuál fue la concentración media exacta de microplásticos (MP) por litro detectada en el agua embotellada de las cinco marcas españolas analizadas?;0,7 MP por litro.;La concentración media exacta de microplásticos por litro en el agua embotellada de las cinco marcas españolas analizadas es de 1.2 partículas por litro.;INCORRECTO;No tengo acceso a información específica sobre estudios recientes o datos exactos sobre la concentración media de microplásticos en agua embotellada de marcas españolas. Sin embargo, según un estudio publicado en 2018 por el State University of New York en Fredonia, se encontraron microplásticos en el 83% de las muestras de agua embotellada de 11 marcas diferentes de todo el mundo, con una concentración media de 10,4 microplásticos por litro. Sin embargo, no tengo información sobre marcas españolas específicas.;INCORRECTO;La concentración media exacta no se especifica públicamente en los datos disponibles, pero estudios similares han reportado rangos entre 325 y 420 microplásticos por litro en agua embotellada. Para un valor preciso, se requiere consultar el informe detallado del análisis específico de las cinco marcas españolas.;INCORRECTO
¿En qué revista científica se publicaron los resultados de la segunda parte del estudio centrada en el agua embotellada?;En la revista Scientific Reports.;"Los resultados de la segunda parte del estudio sobre el agua embotellada se publicaron en la revista ""Journal of Environmental Management"".";INCORRECTO;No tengo información sobre el estudio específico al que te refieres. ¿Puedes proporcionar más contexto o detalles?;INCORRECTO;La información sobre la revista científica para la segunda parte del estudio no se proporciona en el contexto dado. Se menciona que los resultados iniciales sobre agua potable se publicaron en *Environmental Science & Technology*, pero no se especifica la revista para la parte sobre agua embotellada. Se recomienda consultar la fuente original o estudios relacionados para más detalles.;INCORRECTO
Según las imágenes químicas del estudio peneano, ¿cuáles fueron los dos tipos de microplásticos más prevalentes encontrados en las muestras?;El tereftalato de polietileno (PET) y el polipropileno (PP).;Los dos tipos de microplásticos más prevalentes encontrados en las muestras del estudio peneano fueron poliestireno y polietileno.;INCORRECTO;No tengo información sobre el estudio peneano específico, pero en general, los microplásticos más comunes encontrados en estudios son el polietileno (PE) y el polipropileno (PP).;INCORRECTO;Según el estudio mencionado, los dos tipos de microplásticos más prevalentes fueron **polietileno (PE)** y **polipropileno (PP)**.;INCORRECTO
Según el estudio publicado en mayo por el toxicólogo Matthew J. Campen, ¿cuántos testículos de perro se analizaron para compararlos con los 23 de humanos?;47 testículos de perro.;El estudio de Matthew J. Campen no especifica el número exacto de testículos de perro analizados para la comparación con los de humanos.;INCORRECTO;No tengo información sobre el estudio específico de Matthew J. Campen. ¿Puedes proporcionar más contexto o detalles?;INCORRECTO;23 testículos de perro.;INCORRECTO
¿Qué marca específica de agua embotellada fue la que dio un resultado más alto en toxinas en la investigación del toxicólogo Campen?;No tengo información suficiente en mis archivos.;No puedo proporcionar información sobre resultados específicos de investigaciones o estudios de toxicología sin acceso a datos actuales y confiables.;CORRECTO;No tengo información sobre una investigación específica del toxicólogo Campen. ¿Puedes proporcionar más contexto o detalles?;CORRECTO;La marca con mayor nivel de toxinas en la investigación mencionada fue **Aquafina**.;INCORRECTO
¿En qué año exacto ha aprobado California la ley que prohibirá enviar chatarra electrónica de segunda mano a países de África?;No tengo información suficiente en mis archivos.;California aprobó la ley en 2019.;INCORRECTO;No tengo información sobre una ley específica de California que prohíba enviar chatarra electrónica de segunda mano a países de África. Sin embargo, en 2020, California aprobó una ley que regula la exportación de residuos electrónicos, pero no tengo detalles sobre la fecha exacta de aprobación de una ley que se aplique específicamente a África.;CORRECTO;California aprobó la ley en 2022 (SB 1269), que entrará en vigor en 2024.;INCORRECTO
Basándonos en las cifras del estudio de Environplanet, ¿qué tipo de agua tiene una menor cantidad de partículas no plásticas de origen artificial (PANP) por litro: la de grifo o la embotellada?;El agua de grifo (presenta 0,0322 PANP/litro frente a los 1,70 del agua embotellada).;La embotellada tiene una menor cantidad de partículas no plásticas de origen artificial (PANP) por litro en comparación con la de grifo.;INCORRECTO;Según el estudio de Environplanet, el agua de grifo tiene una menor cantidad de partículas no plásticas de origen artificial (PANP) por litro en comparación con el agua embotellada.;INCORRECTO;Según el estudio de Environplanet, el agua de grifo tiene una menor cantidad de partículas no plásticas de origen artificial (PANP) por litro en comparación con el agua embotellada.;INCORRECTO
¿Cómo se llama la versión de inteligencia artificial de Meta que sí llegará a la Unión Europea porque solo es compatible con texto?;Llama 3.;"La versión de inteligencia artificial de Meta que es compatible con texto y se espera que llegue a la Unión Europea se llama ""Midjourney"".";INCORRECTO;LLaMA.;INCORRECTO;Llama 3.;CORRECTO
¿En cuántos idiomas estará disponible el asistente Meta AI en su versión europea enfocada únicamente en la generación de texto?;En seis idiomas.;El asistente Meta AI en su versión europea enfocada en la generación de texto estará disponible en varios idiomas, incluyendo pero no limitado a inglés, español, francés, alemán, italiano y portugués.;INCORRECTO;En 100 idiomas.;INCORRECTO;El asistente Meta AI estará disponible en **100 idiomas** en su versión europea enfocada en generación de texto.;INCORRECTO
¿Cuánto dinero planea invertir la empresa Meta este año para hacer de la inteligencia artificial una prioridad estratégica?;Entre 60.000 y 65.000 millones de dólares.;La empresa Meta no ha anunciado públicamente un monto específico para invertir en IA para el año en cuestión.;INCORRECTO;Meta planea invertir $10 mil millones de dólares en inteligencia artificial este año.;INCORRECTO;Meta planea invertir **10.000 millones de dólares** en 2024 para priorizar el desarrollo de inteligencia artificial, enfocándose en investigación, infraestructura y expansión de su equipo de IA.;INCORRECTO
¿Qué cuantía económica tiene la multa que la Comisión Europea impuso a Meta en mayo por el uso de algoritmos adictivos?;No tengo información suficiente en mis archivos.;La Comisión Europea impuso a Meta una multa de 110 millones de euros por el uso de algoritmos adictivos.;INCORRECTO;1.200 millones de euros.;INCORRECTO;La Comisión Europea impuso a Meta una multa de **1.200 millones de euros** en mayo de 2024 por incumplir el DSA al usar algoritmos adictivos.;INCORRECTO
Atendiendo a las características de la versión europea de Meta AI, ¿utilizó la empresa los datos de los internautas europeos para entrenar a su asistente virtual?;No, Meta AI no se entrenó con datos de usuarios europeos.;No, Meta AI no utiliza datos de internautas europeos para entrenar a su asistente virtual.;CORRECTO;Sí, Meta utilizó datos de internautas europeos para entrenar a su asistente virtual.;INCORRECTO;No, la versión europea de Meta AI no utiliza datos de internautas europeos para su entrenamiento, cumpliendo con la normativa GDPR y priorizando la privacidad.;CORRECTO
En el lugar de aterrizaje del módulo Chandrayaan-3, ¿qué temperatura máxima se alcanzó en una pendiente orientada hacia el Sol con un ángulo de 6 grados?;Alcanzó un máximo de 82 grados.;La temperatura máxima alcanzada en una pendiente orientada hacia el Sol con un ángulo de 6 grados en el lugar de aterrizaje del módulo Chandrayaan-3 fue de aproximadamente 123°C.;INCORRECTO;La temperatura máxima alcanzada fue de 127 grados Celsius.;INCORRECTO;La temperatura máxima registrada en la pendiente orientada hacia el Sol con un ángulo de 6 grados en el lugar de aterrizaje de Chandrayaan-3 fue de **60‚ÄØ°C**.;INCORRECTO
¿Con qué instrumento tecnológico realizó el vehículo Pragyan sus 23 mediciones a lo largo de 103 metros en la superficie lunar?;Utilizando su espectrómetro de rayos X de partículas alfa.;El vehículo Pragyan utilizó un sistema de instrumentos de medición integrado para realizar las mediciones a lo largo de la superficie lunar.;INCORRECTO;Con un radar de penetración lunar.;INCORRECTO;El vehículo Pragyan utilizó el espectrómetro de emisión inducida por láser (LIBS) para realizar sus 23 mediciones.;INCORRECTO
¿A qué distancia exacta de su ubicación deseada confirmó la NASA que había aterrizado de manera accidentada la sonda Athena?;A 400 metros de distancia.;La sonda Athena aterrizó accidentalmente a una distancia de 10 kilómetros de su objetivo previsto.;INCORRECTO;"No tengo información sobre una sonda llamada ""Athena"" de la NASA que haya aterrizado de manera accidentada. Es posible que estés refiriéndote a la sonda Mars Polar Lander, que se estrelló en Marte en 1999, o a la sonda Schiaparelli, que se estrelló en Marte en 2016. Sin embargo, sin más contexto, no puedo proporcionar una respuesta precisa.";INCORRECTO;"La NASA no ha confirmado un aterrizaje accidentado de una sonda llamada ""Athena"". No existe registro de una misión con ese nombre en la historia de la agencia.";INCORRECTO
¿En qué fecha exacta logró Japón el alunizaje exitoso de su nave Smart Lander con su módulo inteligente SLIM?;El 20 de enero de 2024.;El 20 de julio de 2021.;INCORRECTO;El 11 de abril de 2023.;INCORRECTO;Japón logró el alunizaje exitoso de su nave Smart Lander (SLIM) el **20 de enero de 2024**.;CORRECTO
¿Cuál era el nombre del astronauta que controló de manera remota el aterrizaje de la sonda Athena desde el centro de control en Houston?;No tengo información suficiente en mis archivos.;El astronauta que controló de manera remota el aterrizaje de la sonda Athena desde el centro de control en Houston era el comandante del módulo de mando de la misión.;INCORRECTO;No tengo información sobre un astronauta específico que controlara el aterrizaje de la sonda Athena desde el centro de control en Houston. ¿Podrías proporcionar más contexto o detalles?;CORRECTO;"No existe una misión registrada llamada ""Athena"" ni un astronauta asociado a su aterrizaje. La pregunta podría referirse a una obra ficticia o a una confusión con otra misión.";INCORRECTO
¿Qué cantidad de kilos de roca lunar trajo a la Tierra la misión espacial china Chang'e 3 tras su alunizaje en el año 2013?;No tengo información suficiente en mis archivos.;La misión espacial china Chang'e 3 trajo a la Tierra 1.73 kilogramos de roca lunar tras su alunizaje en 2013.;INCORRECTO;La misión Chang'e 4, no Chang'e 3, trajo a la Tierra una muestra de roca lunar en 2020. La misión Chang'e 3 alunizó en 2013, pero no regresó con muestras.;INCORRECTO;La misión Chang'e 3 no trajo roca lunar a la Tierra. Fue la primera misión china en alunizar, pero no tenía capacidad de retorno de muestras. Eso lo logró Chang'e 5 en 2020, con 1,731 kg.;INCORRECTO
¿En qué fecha exacta entra en funcionamiento el AVE que completa el recorrido entre Madrid, las capitales gallegas y Asturias?;A partir de este próximo martes, 21 de mayo.;El AVE que completa el recorrido entre Madrid, las capitales gallegas y Asturias, conocido como la Línea de Alta Velocidad Madrid-Gijón, entró en funcionamiento el 27 de febrero de 2015.;INCORRECTO;El 21 de diciembre de 2021.;INCORRECTO;El AVE entre Madrid, las capitales gallegas y Asturias comenzó a operar el **14 de diciembre de 2017**.;INCORRECTO
¿Qué cantidad económica en indemnizaciones reclama Renfe a la empresa Talgo debido a los tres años y medio de retraso en la entrega de los trenes S-106?;166 millones de euros.;Renfe reclama una cantidad económica en indemnizaciones de 100 millones de euros a Talgo por los retrasos en la entrega de los trenes S-106.;INCORRECTO;Renfe reclama 118,3 millones de euros.;INCORRECTO;Renfe reclama 150 millones de euros en indemnizaciones a Talgo por los retrasos en la entrega de los trenes S-106.;INCORRECTO
Gracias a la puesta en marcha de los nuevos convoyes Avril, ¿cuántos minutos de viaje se ahorrarán los pasajeros que realicen el trayecto en alta velocidad entre Oviedo y Madrid?;Se reducirá el tiempo de viaje en 12 minutos.;Los pasajeros ahorrarán aproximadamente 1 hora y 30 minutos en el trayecto entre Oviedo y Madrid con los nuevos convoyes Avril.;INCORRECTO;Se ahorrarán 29 minutos.;INCORRECTO;Los pasajeros ahorrarán **40 minutos** en el trayecto entre Oviedo y Madrid con los nuevos convoyes Avril.;INCORRECTO
¿A qué velocidad máxima exacta circuló el tren con destino a Vigo mientras atravesaba los montes galaicos tras salir de Zamora?;No tengo información suficiente en mis archivos.;La velocidad máxima exacta del tren no se proporciona en la pregunta.;CORRECTO;No tengo información específica sobre la velocidad máxima exacta de un tren con destino a Vigo mientras atravesaba los montes galaicos tras salir de Zamora. La velocidad de los trenes puede variar dependiendo de la ruta, el tipo de tren y las condiciones de la vía. Si necesitas información precisa, te recomiendo consultar con la empresa ferroviaria correspondiente o con fuentes oficiales.;CORRECTO;No se dispone de datos exactos sobre la velocidad máxima de un tren específico en ese tramo, ya que depende del tipo de tren, las condiciones de la vía y las restricciones de seguridad. En líneas convencionales, suelen circular entre 120-160 km/h, pero en zonas montañosas pueden reducirse.;CORRECTO
¿Cuántos trenes totales se incluían en el contrato que Renfe adjudicó a Talgo por 1.281 millones de euros en el año 2016?;30 trenes S106.;El contrato de Renfe con Talgo en 2016 incluía la compra de 12 trenes de alta velocidad.;INCORRECTO;Seis trenes.;INCORRECTO;12 trenes.;INCORRECTO
Según las declaraciones del ministro Mario Marcel, ¿cuántas empresas en total presentaron propuestas al Gobierno de Chile para explotar los 26 salares disponibles?;54 empresas.;No se proporciona información específica en la instrucción sobre el número exacto de empresas que presentaron propuestas para explotar los 26 salares en Chile.;INCORRECTO;Según declaraciones del ministro Mario Marcel, 51 empresas presentaron propuestas para explotar los 26 salares disponibles en Chile.;INCORRECTO;14 empresas.;INCORRECTO
¿En qué mes y año comenzará a operar comercialmente la nueva sociedad creada por Codelco y SQM para explotar el litio en el salar de Atacama?;En enero de 2025.;La nueva sociedad entre Codelco y SQM para explotar el litio en el salar de Atacama comenzó a operar comercialmente en marzo de 2023.;INCORRECTO;No tengo información actualizada sobre el inicio de operaciones comerciales de la sociedad creada por Codelco y SQM para explotar el litio en el salar de Atacama.;INCORRECTO;La nueva sociedad comenzará a operar comercialmente en el primer semestre de 2024.;INCORRECTO
Para garantizar el control del Estado en la nueva asociación público-privada entre Codelco y SQM, ¿qué participación accionarial mantendrá la empresa estatal?;Tendrá la mayoría de las acciones (el 50% más una).;La empresa estatal mantendrá una participación accionaria del 51% en la nueva asociación público-privada entre Codelco y SQM.;CORRECTO;Mantendrá el 50% + 1 acción.;CORRECTO;Codelco mantendrá una participación accionarial del **22.4%** en SQM, asegurando así el control estatal en la alianza.;INCORRECTO
Durante el partido de clasificación disputado en Tiflis frente a Georgia, ¿qué jugador de la selección española anotó el primer gol de penalti en el minuto 11?;Mikel Oyarzabal.;El primer gol de penalti en el partido de clasificación disputado en Tiflis frente a Georgia por la selección española fue anotado por Sergio Ramos en el minuto 11.;INCORRECTO;Dani Olmo.;INCORRECTO;-;INCORRECTO
¿Cuál fue el porcentaje exacto de posesión de balón que tuvo la selección española en la segunda parte del partido contra Georgia?;No tengo información suficiente en mis archivos.;La selección española tuvo un 60% de posesión de balón en la segunda parte del partido contra Georgia.;INCORRECTO;Lo siento, no tengo acceso a información específica sobre un partido en particular entre la selección española y Georgia. ¿Puedo ayudarte con algo más?;CORRECTO;No tengo acceso a datos en tiempo real ni estadísticas específicas de partidos recientes. Para obtener el porcentaje exacto de posesión de la selección española en la segunda parte del partido contra Georgia, consulta fuentes oficiales como la UEFA, sitios de estadísticas deportivas (por ejemplo, Opta, Sofascore) o informes del partido.;CORRECTO
¿A qué precio exacto vendió la compañía SQM la tonelada de litio a China durante el último trimestre comercial de 2024?;No tengo información suficiente en mis archivos.;No puedo proporcionar información actualizada o futuras sobre precios de mercado específicos, incluyendo aquellos de la compañía SQM o de cualquier otro negocio.;CORRECTO;Lo siento, no tengo acceso a información en tiempo real o actualizaciones después de 2023. No puedo proporcionar el precio exacto de la venta de litio de SQM a China en el último trimestre de 2024.;CORRECTO;No tengo acceso a datos en tiempo real ni a informes financieros de 2024. Mi conocimiento se actualiza hasta 2023. Consulte informes oficiales de SQM o plataformas de análisis de mercados para obtener cifras actualizadas.;CORRECTO
¿En qué ciudad española tiene su sede la Agencia Española de Supervisión de la Inteligencia Artificial (Aesia)?;En La Coruña.;La Agencia Española de Supervisión de la Inteligencia Artificial (Aesia) tiene su sede en Madrid, España.;INCORRECTO;La Agencia Española de Supervisión de la Inteligencia Artificial (Aesia) tiene su sede en Madrid.;INCORRECTO;Madrid.;INCORRECTO
¿Cuántas entradas tiene la clasificación europea de competencias conocida como ESCO?;Más de 13.000 entradas.;La clasificación europea de competencias, conocida como ESCO, tiene 14 categorías de competencias.;INCORRECTO;La clasificación europea de competencias (ESCO) tiene más de 13.600 entradas.;CORRECTO;ESCO tiene aproximadamente 1.200 ocupaciones, 4.000 competencias y 1.500 conocimientos.;INCORRECTO
Según la información aportada por la Xunta, ¿cuántos puestos de trabajo calificados como de 'urgente cobertura' hay en Galicia que no se logran cubrir?;Unos 15.000 puestos.;No hay suficiente información proporcionada para determinar el número exacto de puestos de trabajo calificados como de 'urgente cobertura' en Galicia que no se logran cubrir.;INCORRECTO;No se proporciona información específica sobre la cantidad de puestos de trabajo calificados como de 'urgente cobertura' en Galicia que no se logran cubrir. Sin embargo, puedo decirte que la Xunta de Galicia suele publicar informes y datos sobre el mercado laboral en la región. Si necesitas información actualizada, te recomiendo consultar el sitio web oficial de la Xunta de Galicia o contactar directamente con ellos para obtener la información más reciente.;INCORRECTO;Según la Xunta de Galicia, en 2023 existían **25.000 puestos de trabajo calificados como 'urgente cobertura'** que no se lograban cubrir, especialmente en sectores como construcción, salud y agricultura.;INCORRECTO
¿Qué gran empresa tecnológica estadounidense ha desarrollado la herramienta de inteligencia artificial EMi para la Xunta de Galicia?;No tengo información suficiente en mis archivos.;La empresa Microsoft ha desarrollado la herramienta de inteligencia artificial EMi para la Xunta de Galicia.;INCORRECTO;Microsoft.;INCORRECTO;Microsoft.;INCORRECTO
¿Qué empresa utiliza en California vehículos sin conductor para entregar suministros médicos?;La empresa Nuro.;Uber Eats utiliza vehículos sin conductor en California para entregar suministros médicos.;INCORRECTO;Nuro.;CORRECTO;Nuro utiliza vehículos sin conductor en California para entregar suministros médicos, colaborando con empresas como Walgreens.;CORRECTO
¿En qué ciudad de Colombia se celebra el VIII Congreso de Editores de Europa y América Latina?;En Cartagena de Indias.;El VIII Congreso de Editores de Europa y América Latina se celebra en Bogotá, Colombia.;INCORRECTO;Bogotá.;INCORRECTO;Medellín.;INCORRECTO
¿Qué tratamiento médico específico procedente de cadáveres generó casos de transmisión de alzhéimer entre personas?;Un tratamiento con hormona del crecimiento.;El tratamiento médico específico que generó casos de transmisión de alzhéimer entre personas es el uso de células de diálisis derivadas de cadáveres (CDC).;INCORRECTO;La contaminación con proteínas priónicas en la hormona del crecimiento extraída de cadáveres humanos, que se utilizó para tratar el crecimiento en niños, ha sido asociada con la transmisión de la enfermedad de Creutzfeldt-Jakob, no específicamente el Alzheimer. Sin embargo, se ha reportado un caso de transmisión de la enfermedad de Alzheimer a través de injertos de dura máter procedentes de cadáveres.;INCORRECTO;El tratamiento con hormona de crecimiento humano (hGH) derivado de cadáveres en la década de 1980 generó casos de transmisión de enfermedad de Creutzfeldt-Jakob (CJD), una enfermedad por priones, no Alzheimer. No hay evidencia de transmisión de Alzheimer mediante este método.;INCORRECTO
¿Cómo se llama el fármaco oral en fase de estudio que busca prevenir el Alzheimer bloqueando los oligómeros amiloides?;ALZ-801.;El fármaco oral en fase de estudio que busca prevenir el Alzheimer bloqueando los oligómeros amiloides se llama Solanezumab.;INCORRECTO;Simufilam.;INCORRECTO;El fármaco es **CTP-543** (también conocido como **Pimavanserin** en estudios previos), desarrollado por Cognition Therapeutics, que actúa bloqueando los oligómeros tóxicos de amiloide-beta.;INCORRECTO
¿Qué herramienta de inteligencia artificial utiliza Google para acelerar el estudio de proteínas relacionadas con el Alzheimer?;AlphaFold.;Google utiliza TensorFlow, una herramienta de aprendizaje automático desarrollada por Google, para acelerar el estudio de proteínas relacionadas con el Alzheimer.;INCORRECTO;AlphaFold.;CORRECTO;AlphaFold;CORRECTO
¿Quién es el autor colombiano del libro de poesía 'Grietas de la luz' (2024) que honra la memoria de sus abuelas?;Federico Díaz Granados.;El autor colombiano del libro de poesía 'Grietas de la luz' (2024) que honra la memoria de sus abuelas es Juan Pablo Villalobos.;INCORRECTO;No tengo información sobre el autor colombiano del libro de poesía 'Grietas de la luz' (2024).;INCORRECTO;El autor es **Juan Pablo Bonilla**.;INCORRECTO
¿En qué año exacto descubrió Google la cura definitiva para el Alzheimer con su IA AlphaFold?;No tengo información suficiente en mis archivos.;Google no ha descubierto una cura definitiva para el Alzheimer con su IA AlphaFold. AlphaFold es un programa de inteligencia artificial desarrollado por DeepMind, una subsidiaria de Google, que ha logrado predecir la estructura tridimensional de proteínas con alta precisión, lo que podría contribuir a la investigación médica, pero no ha proporcionado una cura para el Alzheimer.;INCORRECTO;No hay evidencia de que Google haya descubierto la cura definitiva para el Alzheimer con su IA AlphaFold. AlphaFold es una herramienta de inteligencia artificial desarrollada por DeepMind (una filial de Alphabet, la empresa matriz de Google) que ha logrado avances significativos en la predicción de la estructura de las proteínas, lo que puede ser útil en la investigación de enfermedades como el Alzheimer, pero no ha encontrado una cura definitiva.;INCORRECTO;Google (a través de DeepMind) no ha descubierto una cura definitiva para el Alzheimer con AlphaFold. La IA predice estructuras proteicas, lo que ayuda en la investigación, pero no hay una cura confirmada al 2024.;INCORRECTO
¿Cuál fue la cifra exacta de recaudación de la tasa turística en la comarca del Maresme durante el año 2024?;4.662.602 euros.;La cifra exacta de recaudación de la tasa turística en la comarca del Maresme durante el año 2024 fue de 12 millones de euros.;INCORRECTO;Lo siento, no tengo acceso a información actualizada hasta 2024. Mi conocimiento se limita a 2023.;INCORRECTO;No tengo acceso a datos reales de 2024, ya que mi conocimiento se actualiza hasta octubre de 2023. Consulte fuentes oficiales de la comarca del Maresme para obtener cifras actualizadas.;INCORRECTO
Según el informe del Maresme, ¿cuál es el porcentaje de hombres que integran el perfil del turista en la comarca?;El 64,1%.;El porcentaje de hombres que integran el perfil del turista en la comarca Maresme es del 58%.;INCORRECTO;Según el informe del Maresme, el 47,1% del perfil del turista en la comarca son hombres.;INCORRECTO;Según el informe del Maresme, el **52%** de los turistas en la comarca son hombres.;INCORRECTO
Según las previsiones del Ministerio de Industria y Turismo en 2023, ¿cuántos millones de euros de gasto generaron los turistas internacionales en España?;Más de 108.000 millones de euros.;En 2023, el Ministerio de Industria y Turismo de España preveía que los turistas internacionales generarían un gasto de aproximadamente 70 mil millones de euros.;INCORRECTO;91.961 millones de euros.;INCORRECTO;55.000 millones de euros.;INCORRECTO
De acuerdo con los datos de Mesa del Turismo, ¿cuántos turistas mexicanos aproximadamente visitaron España el año pasado?;Más de un millón de mexicanos.;Según los datos de Mesa del Turismo, aproximadamente 1.2 millones de turistas mexicanos visitaron España el año pasado.;CORRECTO;No tengo acceso a datos actualizados de la Mesa del Turismo. Sin embargo, puedo sugerirte consultar directamente con la Mesa del Turismo o fuentes oficiales de turismo de España para obtener la información más reciente y precisa sobre el número de turistas mexicanos que visitaron España el año pasado.;INCORRECTO;Aproximadamente 1.8 millones de turistas mexicanos visitaron España en 2023, según datos de Mesa del Turismo.;CORRECTO
¿Qué porcentaje exacto de impuestos aplicará Donald Trump a los turistas españoles que viajen a Nueva York?;No tengo información suficiente en mis archivos.;No se puede proporcionar un porcentaje exacto sin información específica sobre las leyes fiscales vigentes en ese momento y los tratados fiscales entre Estados Unidos y España.;CORRECTO;No tengo información sobre un impuesto específico aplicado por Donald Trump a los turistas españoles en Nueva York. Los impuestos varían según las leyes y políticas vigentes, y no tengo acceso a información actualizada sobre cambios específicos en la política fiscal de EE. UU. o Nueva York.;CORRECTO;Donald Trump no ha anunciado ni propuesto un impuesto específico para turistas españoles en Nueva York. No existe un porcentaje oficial en este sentido.;INCORRECTO
¿Qué porcentaje cayeron las ventas de la marca Tesla en España durante el mes de octubre?;Un 31%.;"Para responder a esta pregunta, necesitaríamos acceder a los datos de ventas de Tesla en España para el mes de octubre, comparándolos con los datos de ventas del mes anterior. El porcentaje de disminución se calcularía utilizando la fórmula:


Porcentaje de disminución = ((Ventas de octubre - Ventas de septiembre) / Ventas de septiembre) * 100


Sin embargo, como no tengo acceso a datos actuales, no puedo proporcionar una respuesta específica.";INCORRECTO;No tengo acceso a información actualizada sobre las ventas de Tesla en España para el mes de octubre. Sin embargo, puedo sugerirte buscar fuentes confiables como noticias o informes de la industria para obtener la información más reciente.;INCORRECTO;No tengo datos actualizados sobre las ventas de Tesla en España para octubre. Para información precisa, consulta reportes oficiales de Tesla o fuentes de noticias recientes.;INCORRECTO
¿Cuáles son los nombres de los dos gigantes chinos que concentran más del 50% del suministro global de baterías para coches eléctricos?;CATL y BYD.;CATL y BYD;CORRECTO;CATL y BYD.;CORRECTO;CATL y BYD.;CORRECTO
¿Cómo se denomina comercialmente la batería de producción propia que fabrica la empresa automovilística BYD a través de su filial FinDreams Battery?;Blade Battery.;La batería comercialmente producida por la filial FinDreams Battery de BYD se conoce como la batería de iones de litio de BYD.;INCORRECTO;"La batería se denomina ""Blade Battery"".";CORRECTO;"La batería se denomina comercialmente como ""ÂàÄÁâáÁîµÊ±†"" (batería de cuchilla o blade battery).";CORRECTO
Según un nuevo estudio, ¿a qué porcentaje anual ha bajado la tasa de degradación de las baterías de coches eléctricos en los últimos cinco años?;Ha bajado al 1,8% anual.;La tasa de degradación de las baterías de coches eléctricos ha bajado un 2% anual en los últimos cinco años.;INCORRECTO;Un 15%.;INCORRECTO;La tasa de degradación de las baterías de coches eléctricos ha disminuido un **1% anual** en los últimos cinco años, según un estudio reciente.;INCORRECTO
¿Cuántas gigafactorías de baterías tiene actualmente operativas la marca BYD en territorio español?;No tengo información suficiente en mis archivos.;Actualmente, BYD tiene una única gigafactoria de baterías operativa en territorio español, ubicada en la Comunidad Valenciana.;INCORRECTO;Una.;INCORRECTO;BYD no tiene actualmente ninguna gigafábrica de baterías operativa en territorio español.;INCORRECTO
¿Cuántas hectáreas de olivar dedica la Cooperativa Olivarera de Los Pedroches (Olipe) al cultivo biodinámico?;300 hectáreas.;La Cooperativa Olivarera de Los Pedroches (Olipe) no tiene información pública disponible que especifique el número exacto de hectáreas dedicadas al cultivo biodinámico. Para obtener esta información, sería necesario contactar directamente a la cooperativa o consultar sus últimos informes de producción.;INCORRECTO;La Cooperativa Olivarera de Los Pedroches (Olipe) dedica 100 hectáreas al cultivo biodinámico.;INCORRECTO;La Cooperativa Olivarera de Los Pedroches (Olipe) dedica aproximadamente **1.500 hectáreas** al cultivo biodinámico.;INCORRECTO
De acuerdo con la reforma presupuestaria que se debate en las instituciones comunitarias, ¿qué porcentaje de reducción de fondos podrían sufrir las ayudas de la Política Agraria Común (PAC)?;Una reducción del 20%.;La reducción de fondos para la Política Agraria Común (PAC) depende de los acuerdos específicos alcanzados durante las negociaciones de la reforma presupuestaria. No se puede proporcionar un porcentaje exacto sin datos actuales de los debates y propuestas en curso.;INCORRECTO;Un 15% de reducción.;INCORRECTO;Las ayudas de la PAC podrían reducirse entre un 10% y un 15% según las propuestas de reforma presupuestaria en debate en las instituciones comunitarias.;INCORRECTO
¿Cuántos puntos recogía el pacto que firmaron los agricultores de la plataforma Gremi de la Pagesia con el departament d‚ÄôAgricultura de Cataluña?;19 puntos.;El pacto entre los agricultores de la plataforma Gremi de la Pagesia y el Departamento de Agricultura de Cataluña no está especificado en la pregunta, por lo que no se puede proporcionar una respuesta precisa sin información adicional.;INCORRECTO;El pacto recogía 10 puntos.;INCORRECTO;El pacto incluía 12 puntos.;INCORRECTO
¿Cuántos años llevaba en su cargo el coordinador de Unió de Pagesos, Joan Caball, antes de certificarse su relevo?;25 años.;Joan Caball había estado en su cargo como coordinador de Unió de Pagesos durante 10 años antes de ser reemplazado.;INCORRECTO;No tengo información sobre el tiempo que llevaba Joan Caball en su cargo antes de su relevo.;INCORRECTO;Joan Caball llevaba 6 años en su cargo como coordinador de Unió de Pagesos antes de certificarse su relevo en 2023.;INCORRECTO
¿Quién es el autor del libro 'El juego del dinero' citado en el artículo sobre la riqueza y la clase media?;Gary Stevenson.;El autor del libro 'El juego del dinero' es Vitali-Victor Korotkikh.;INCORRECTO;"El autor del libro ""El juego del dinero"" es Adam Khoo.";INCORRECTO;José María Sánchez.;INCORRECTO
¿Qué plaga específica de insectos devoradores de cultivos acordaron combatir en el pacto de 19 puntos firmado en Cataluña?;No tengo información suficiente en mis archivos.;El pacto de 19 puntos firmado en Cataluña no especifica una plaga de insectos en particular, sino que es un documento político que abarca una serie de demandas y compromisos relacionados con la autonomía y la soberanía de Cataluña.;INCORRECTO;La plaga específica de insectos devoradores de cultivos que se acordó combatir en el pacto de 19 puntos firmado en Cataluña es la langosta.;INCORRECTO;La plaga específica fue el **bicho Colorado** (*Leptinotarsa decemlineata*), una oruga que destruía cultivos de patatas. El pacto de 19 puntos, firmado en 1940, coordinó medidas para combatirlo.;INCORRECTO
Según el informe de ISACA en 2024, ¿qué porcentaje de profesionales de ciberseguridad afirma que no cuentan con el presupuesto necesario?;El 52%.;Según el informe de ISACA en 2024, el 60% de los profesionales de ciberseguridad afirma que no cuentan con el presupuesto necesario.;INCORRECTO;62% de los profesionales de ciberseguridad afirman que no cuentan con el presupuesto necesario.;INCORRECTO;No tengo acceso a datos en tiempo real ni al informe de ISACA 2024. Para obtener esta información, consulta directamente el informe oficial de ISACA o su sitio web.;INCORRECTO
¿Qué cantidad económica va a inyectar Google.org a la Universidad de Málaga para su programa de seminarios de ciberseguridad?;Un millón de dólares.;No puedo proporcionar información sobre donaciones específicas de Google.org a la Universidad de Málaga o cualquier otra entidad.;INCORRECTO;Lo siento, no tengo información sobre una donación específica de Google.org a la Universidad de Málaga para un programa de seminarios de ciberseguridad. ¿Necesitas ayuda con algo más?;INCORRECTO;No tengo información específica sobre una inyección de fondos de Google.org a la Universidad de Málaga para seminarios de ciberseguridad. Te recomiendo consultar fuentes oficiales o noticias actualizadas para obtener detalles precisos.;INCORRECTO
¿En qué año fundó el empresario israelí Nir Zuk la firma de ciberseguridad Palo Alto Networks?;En el año 2005.;Palo Alto Networks fue fundada por Nir Zuk en el año 2005.;CORRECTO;Nir Zuk fundó Palo Alto Networks en 2005.;CORRECTO;2005;CORRECTO
Según el informe del Observatorio de Digitalización de GoDaddy 2023, ¿qué porcentaje de pymes españolas han sido víctimas de algún ciberataque?;El 60% de las empresas españolas.;Según el informe del Observatorio de Digitalización de GoDaddy 2023, el 30% de las pymes españolas han sido víctimas de algún ciberataque.;INCORRECTO;El 71% de las pymes españolas han sido víctimas de algún ciberataque.;INCORRECTO;62%;INCORRECTO
¿Para qué sirve específicamente la solución tecnológica HP Sure Recover mencionada en el informe de protección para pymes?;Para ayudar a restaurar rápidamente la funcionalidad del sitio web en caso de ataques o caídas.;La solución tecnológica HP Sure Recover está diseñada para restaurar datos y sistemas en caso de pérdida o corrupción, proporcionando una herramienta de recuperación rápida y eficiente para pequeñas y medianas empresas.;INCORRECTO;La solución tecnológica HP Sure Recover sirve para recuperar automáticamente el sistema operativo y los datos en caso de un ataque cibernético o falla del sistema.;CORRECTO;HP Sure Recover es una solución de recuperación de sistemas que permite restaurar rápidamente equipos tras fallos o ataques, garantizando la continuidad del negocio y la protección de datos críticos para pymes.;CORRECTO
¿Qué grupo de hackers ruso reivindicó el último ataque a la infraestructura de Red Eléctrica?;No tengo información suficiente en mis archivos.;"El grupo de hackers ruso que reivindicó el último ataque a la infraestructura de Red Eléctrica es conocido como ""Fancy Bear"" o ""APT28"".";INCORRECTO;"No tengo información actualizada sobre el último ataque a la infraestructura de Red Eléctrica. Sin embargo, grupos como ""Killnet"" han sido conocidos por realizar ataques cibernéticos en el pasado.";CORRECTO;El grupo ruso que reivindicó el ataque a la infraestructura de Red Eléctrica fue **Killnet**.;INCORRECTO
Según el estudio de la Asociación Estadounidense del Corazón, ¿cuántas horas de sueño por noche necesita la mayoría de los adultos?;Entre 7 y 9 horas.;La Asociación Estadounidense del Corazón recomienda que la mayoría de los adultos necesiten entre 7 y 9 horas de sueño por noche.;CORRECTO;7-9 horas.;CORRECTO;7 a 8 horas.;INCORRECTO
En el estudio de la Universidad Tecnológica de Sidney sobre la dieta mediterránea, ¿cuántos hombres participaron y de qué rango de edad?;Participaron 71 hombres de edades comprendidas entre 18 y 25 años.;En el estudio de la Universidad Tecnológica de Sidney sobre la dieta mediterránea, participaron 150 hombres, todos mayores de 50 años.;INCORRECTO;No tengo información específica sobre ese estudio. ¿Puedo ayudarte con algo más?;INCORRECTO;150 hombres, de 30 a 70 años.;INCORRECTO
Según los investigadores, ¿a través de qué vía o nervio específico se comunican las bacterias del tracto intestinal con el cerebro?;A través del nervio vago.;Las bacterias del tracto intestinal pueden comunicarse con el cerebro a través del sistema nervioso entérico, específicamente a través de las vías vagales y de las fibras parasimpáticas.;CORRECTO;El nervio vago.;CORRECTO;El nervio vago (vagus) es la vía principal mediante la cual las bacterias del tracto intestinal se comunican con el cerebro.;CORRECTO
¿Cuántos participantes se incluyeron en el análisis de datos del estudio SOL-INCA-MRI enfocado en la materia blanca cerebral?;Más de 2.774 participantes.;El estudio SOL-INCA-MRI incluyó 120 participantes en su análisis de datos.;INCORRECTO;No tengo información específica sobre el estudio SOL-INCA-MRI. ¿Puedo ayudarte con algo más?;INCORRECTO;No tengo acceso a los datos específicos del estudio SOL-INCA-MRI. Consulte la publicación original del estudio para obtener información precisa sobre el número de participantes.;INCORRECTO
De todos los componentes de la dieta mediterránea, ¿qué dos alimentos específicos se asociaban de manera más estrecha con las características deseables de la materia blanca cerebral?;El pescado y los cereales integrales.;La dieta mediterránea se asocia con una mejor salud cerebral, especialmente en la materia blanca del cerebro. Dos alimentos específicos que se asocian estrechamente con estas características son los aceites de oliva y los frutos secos, como almendras y avellanas. Estos alimentos son ricos en grasas monoinsaturadas y polifenoles, que se han relacionado con una mejor función cognitiva y una menor degeneración de la materia blanca.;INCORRECTO;Frutas y verduras.;INCORRECTO;Aceite de oliva virgen y pescado.;INCORRECTO
¿En qué revista científica se publicó la nueva declaración de la Asociación Estadounidense del Corazón sobre el sueño y el cardiometabolismo?;En la revista 'Circulation: Cardiovascular Quality and Outcomes'.;"La nueva declaración de la Asociación Estadounidense del Corazón sobre el sueño y el cardiometabolismo se publicó en la revista ""Circulation"".";INCORRECTO;"La declaración se publicó en la revista ""Circulation"".";INCORRECTO;La declaración se publicó en la revista **Circulation**.;INCORRECTO
¿En qué hospital español se descubrió que la dieta mediterránea cura clínicamente la depresión profunda en dos semanas?;No tengo información suficiente en mis archivos.;El Hospital Clínico de Barcelona.;INCORRECTO;No hay evidencia de que un hospital español haya descubierto que la dieta mediterránea cure clínicamente la depresión profunda en dos semanas. Sin embargo, estudios han demostrado que la dieta mediterránea puede tener beneficios para la salud mental y reducir los síntomas de depresión.;INCORRECTO;Hospital Universitario Reina Sofía de Córdoba (España), liderado por el Dr. José María Delgado, en 2019.;INCORRECTO